,Loan_ID,Gender,Married,Dependents,Education,Self_Employed,ApplicantIncome,CoapplicantIncome,LoanAmount,Loan_Amount_Term,Credit_History,Property_Area,Loan_Status,LoanAmount_log
0,LP001002,Male,No,0,Graduate,No,5849,0.0,128.0,360.0,1.0,Urban,1,4.852030263919617
1,LP001003,Male,Yes,1,Graduate,No,4583,1508.0,128.0,360.0,1.0,Rural,0,4.852030263919617
2,LP001005,Male,Yes,0,Graduate,Yes,3000,0.0,66.0,360.0,1.0,Urban,1,4.189654742026425
3,LP001006,Male,Yes,0,Not Graduate,No,2583,2358.0,120.0,360.0,1.0,Urban,1,4.787491742782046
4,LP001008,Male,No,0,Graduate,No,6000,0.0,141.0,360.0,1.0,Urban,1,4.948759890378168
5,LP001011,Male,Yes,2,Graduate,Yes,5417,4196.0,267.0,360.0,1.0,Urban,1,5.58724865840025
6,LP001013,Male,Yes,0,Not Graduate,No,2333,1516.0,95.0,360.0,1.0,Urban,1,4.553876891600541
7,LP001014,Male,Yes,3,Graduate,No,3036,2504.0,158.0,360.0,0.0,Semiurban,0,5.062595033026967
8,LP001018,Male,Yes,2,Graduate,No,4006,1526.0,168.0,360.0,1.0,Urban,1,5.123963979403259
9,LP001020,Male,Yes,1,Graduate,No,12841,10968.0,349.0,360.0,1.0,Semiurban,0,5.855071922202427
10,LP001024,Male,Yes,2,Graduate,No,3200,700.0,70.0,360.0,1.0,Urban,1,4.248495242049359
11,LP001027,Male,Yes,2,Graduate,No,2500,1840.0,109.0,360.0,1.0,Urban,1,4.6913478822291435
12,LP001028,Male,Yes,2,Graduate,No,3073,8106.0,200.0,360.0,1.0,Urban,1,5.298317366548036
13,LP001029,Male,No,0,Graduate,No,1853,2840.0,114.0,360.0,1.0,Rural,0,4.736198448394496
14,LP001030,Male,Yes,2,Graduate,No,1299,1086.0,17.0,120.0,1.0,Urban,1,2.833213344056216
15,LP001032,Male,No,0,Graduate,No,4950,0.0,125.0,360.0,1.0,Urban,1,4.8283137373023015
16,LP001034,Male,No,1,Not Graduate,No,3596,0.0,100.0,240.0,1.0,Urban,1,4.605170185988092
17,LP001036,Female,No,0,Graduate,No,3510,0.0,76.0,360.0,0.0,Urban,0,4.330733340286331
18,LP001038,Male,Yes,0,Not Graduate,No,4887,0.0,133.0,360.0,1.0,Rural,0,4.890349128221754
19,LP001041,Male,Yes,0,Graduate,No,2600,3500.0,115.0,360.0,1.0,Urban,1,4.74493212836325
20,LP001043,Male,Yes,0,Not Graduate,No,7660,0.0,104.0,360.0,0.0,Urban,0,4.6443908991413725
21,LP001046,Male,Yes,1,Graduate,No,5955,5625.0,315.0,360.0,1.0,Urban,1,5.752572638825633
22,LP001047,Male,Yes,0,Not Graduate,No,2600,1911.0,116.0,360.0,0.0,Semiurban,0,4.7535901911063645
23,LP001050,Male,Yes,2,Not Graduate,No,3365,1917.0,112.0,360.0,0.0,Rural,0,4.718498871295094
24,LP001052,Male,Yes,1,Graduate,No,3717,2925.0,151.0,360.0,1.0,Semiurban,0,5.017279836814924
25,LP001066,Male,Yes,0,Graduate,Yes,9560,0.0,191.0,360.0,1.0,Semiurban,1,5.25227342804663
26,LP001068,Male,Yes,0,Graduate,No,2799,2253.0,122.0,360.0,1.0,Semiurban,1,4.804021044733257
27,LP001073,Male,Yes,2,Not Graduate,No,4226,1040.0,110.0,360.0,1.0,Urban,1,4.700480365792417
28,LP001086,Male,No,0,Not Graduate,No,1442,0.0,35.0,360.0,1.0,Urban,0,3.5553480614894135
29,LP001087,Female,No,2,Graduate,No,3750,2083.0,120.0,360.0,1.0,Semiurban,1,4.787491742782046
30,LP001091,Male,Yes,1,Graduate,No,4166,3369.0,201.0,360.0,1.0,Urban,0,5.303304908059076
31,LP001095,Male,No,0,Graduate,No,3167,0.0,74.0,360.0,1.0,Urban,0,4.30406509320417
32,LP001097,Male,No,1,Graduate,Yes,4692,0.0,106.0,360.0,1.0,Rural,0,4.663439094112067
33,LP001098,Male,Yes,0,Graduate,No,3500,1667.0,114.0,360.0,1.0,Semiurban,1,4.736198448394496
34,LP001100,Male,No,3,Graduate,No,12500,3000.0,320.0,360.0,1.0,Rural,0,5.768320995793772
35,LP001106,Male,Yes,0,Graduate,No,2275,2067.0,128.0,360.0,1.0,Urban,1,4.852030263919617
36,LP001109,Male,Yes,0,Graduate,No,1828,1330.0,100.0,360.0,0.0,Urban,0,4.605170185988092
37,LP001112,Female,Yes,0,Graduate,No,3667,1459.0,144.0,360.0,1.0,Semiurban,1,4.969813299576001
38,LP001114,Male,No,0,Graduate,No,4166,7210.0,184.0,360.0,1.0,Urban,1,5.214935757608986
39,LP001116,Male,No,0,Not Graduate,No,3748,1668.0,110.0,360.0,1.0,Semiurban,1,4.700480365792417
40,LP001119,Male,No,0,Graduate,No,3600,0.0,80.0,360.0,1.0,Urban,0,4.382026634673881
41,LP001120,Male,No,0,Graduate,No,1800,1213.0,47.0,360.0,1.0,Urban,1,3.8501476017100584
42,LP001123,Male,Yes,0,Graduate,No,2400,0.0,75.0,360.0,1.0,Urban,1,4.31748811353631
43,LP001131,Male,Yes,0,Graduate,No,3941,2336.0,134.0,360.0,1.0,Semiurban,1,4.897839799950911
44,LP001136,Male,Yes,0,Not Graduate,Yes,4695,0.0,96.0,360.0,1.0,Urban,1,4.564348191467836
45,LP001137,Female,No,0,Graduate,No,3410,0.0,88.0,360.0,1.0,Urban,1,4.477336814478207
46,LP001138,Male,Yes,1,Graduate,No,5649,0.0,44.0,360.0,1.0,Urban,1,3.784189633918261
47,LP001144,Male,Yes,0,Graduate,No,5821,0.0,144.0,360.0,1.0,Urban,1,4.969813299576001
48,LP001146,Female,Yes,0,Graduate,No,2645,3440.0,120.0,360.0,0.0,Urban,0,4.787491742782046
49,LP001151,Female,No,0,Graduate,No,4000,2275.0,144.0,360.0,1.0,Semiurban,1,4.969813299576001
50,LP001155,Female,Yes,0,Not Graduate,No,1928,1644.0,100.0,360.0,1.0,Semiurban,1,4.605170185988092
51,LP001157,Female,No,0,Graduate,No,3086,0.0,120.0,360.0,1.0,Semiurban,1,4.787491742782046
52,LP001164,Female,No,0,Graduate,No,4230,0.0,112.0,360.0,1.0,Semiurban,0,4.718498871295094
53,LP001179,Male,Yes,2,Graduate,No,4616,0.0,134.0,360.0,1.0,Urban,0,4.897839799950911
54,LP001186,Female,Yes,1,Graduate,Yes,11500,0.0,286.0,360.0,0.0,Urban,0,5.655991810819852
55,LP001194,Male,Yes,2,Graduate,No,2708,1167.0,97.0,360.0,1.0,Semiurban,1,4.574710978503383
56,LP001195,Male,Yes,0,Graduate,No,2132,1591.0,96.0,360.0,1.0,Semiurban,1,4.564348191467836
57,LP001197,Male,Yes,0,Graduate,No,3366,2200.0,135.0,360.0,1.0,Rural,0,4.90527477843843
58,LP001198,Male,Yes,1,Graduate,No,8080,2250.0,180.0,360.0,1.0,Urban,1,5.19295685089021
59,LP001199,Male,Yes,2,Not Graduate,No,3357,2859.0,144.0,360.0,1.0,Urban,1,4.969813299576001
60,LP001205,Male,Yes,0,Graduate,No,2500,3796.0,120.0,360.0,1.0,Urban,1,4.787491742782046
61,LP001206,Male,Yes,3,Graduate,No,3029,0.0,99.0,360.0,1.0,Urban,1,4.59511985013459
62,LP001207,Male,Yes,0,Not Graduate,Yes,2609,3449.0,165.0,180.0,0.0,Rural,0,5.10594547390058
63,LP001213,Male,Yes,1,Graduate,No,4945,0.0,128.0,360.0,0.0,Rural,0,4.852030263919617
64,LP001222,Female,No,0,Graduate,No,4166,0.0,116.0,360.0,0.0,Semiurban,0,4.7535901911063645
65,LP001225,Male,Yes,0,Graduate,No,5726,4595.0,258.0,360.0,1.0,Semiurban,0,5.552959584921617
66,LP001228,Male,No,0,Not Graduate,No,3200,2254.0,126.0,180.0,0.0,Urban,0,4.836281906951478
67,LP001233,Male,Yes,1,Graduate,No,10750,0.0,312.0,360.0,1.0,Urban,1,5.7430031878094825
68,LP001238,Male,Yes,3,Not Graduate,Yes,7100,0.0,125.0,60.0,1.0,Urban,1,4.8283137373023015
69,LP001241,Female,No,0,Graduate,No,4300,0.0,136.0,360.0,0.0,Semiurban,0,4.912654885736052
70,LP001243,Male,Yes,0,Graduate,No,3208,3066.0,172.0,360.0,1.0,Urban,1,5.147494476813453
71,LP001245,Male,Yes,2,Not Graduate,Yes,1875,1875.0,97.0,360.0,1.0,Semiurban,1,4.574710978503383
72,LP001248,Male,No,0,Graduate,No,3500,0.0,81.0,300.0,1.0,Semiurban,1,4.394449154672439
73,LP001250,Male,Yes,3,Not Graduate,No,4755,0.0,95.0,360.0,0.0,Semiurban,0,4.553876891600541
74,LP001253,Male,Yes,3,Graduate,Yes,5266,1774.0,187.0,360.0,1.0,Semiurban,1,5.231108616854587
75,LP001255,Male,No,0,Graduate,No,3750,0.0,113.0,480.0,1.0,Urban,0,4.727387818712341
76,LP001256,Male,No,0,Graduate,No,3750,4750.0,176.0,360.0,1.0,Urban,0,5.170483995038151
77,LP001259,Male,Yes,1,Graduate,Yes,1000,3022.0,110.0,360.0,1.0,Urban,0,4.700480365792417
78,LP001263,Male,Yes,3,Graduate,No,3167,4000.0,180.0,300.0,0.0,Semiurban,0,5.19295685089021
79,LP001264,Male,Yes,3,Not Graduate,Yes,3333,2166.0,130.0,360.0,1.0,Semiurban,1,4.867534450455582
80,LP001265,Female,No,0,Graduate,No,3846,0.0,111.0,360.0,1.0,Semiurban,1,4.709530201312334
81,LP001266,Male,Yes,1,Graduate,Yes,2395,0.0,128.0,360.0,1.0,Semiurban,1,4.852030263919617
82,LP001267,Female,Yes,2,Graduate,No,1378,1881.0,167.0,360.0,1.0,Urban,0,5.117993812416755
83,LP001273,Male,Yes,0,Graduate,No,6000,2250.0,265.0,360.0,1.0,Semiurban,0,5.579729825986222
84,LP001275,Male,Yes,1,Graduate,No,3988,0.0,50.0,240.0,1.0,Urban,1,3.912023005428146
85,LP001279,Male,No,0,Graduate,No,2366,2531.0,136.0,360.0,1.0,Semiurban,1,4.912654885736052
86,LP001280,Male,Yes,2,Not Graduate,No,3333,2000.0,99.0,360.0,1.0,Semiurban,1,4.59511985013459
87,LP001282,Male,Yes,0,Graduate,No,2500,2118.0,104.0,360.0,1.0,Semiurban,1,4.6443908991413725
88,LP001289,Male,No,0,Graduate,No,8566,0.0,210.0,360.0,1.0,Urban,1,5.3471075307174685
89,LP001310,Male,Yes,0,Graduate,No,5695,4167.0,175.0,360.0,1.0,Semiurban,1,5.1647859739235145
90,LP001316,Male,Yes,0,Graduate,No,2958,2900.0,131.0,360.0,1.0,Semiurban,1,4.875197323201151
91,LP001318,Male,Yes,2,Graduate,No,6250,5654.0,188.0,180.0,1.0,Semiurban,1,5.236441962829949
92,LP001319,Male,Yes,2,Not Graduate,No,3273,1820.0,81.0,360.0,1.0,Urban,1,4.394449154672439
93,LP001322,Male,No,0,Graduate,No,4133,0.0,122.0,360.0,1.0,Semiurban,1,4.804021044733257
94,LP001325,Male,No,0,Not Graduate,No,3620,0.0,25.0,120.0,1.0,Semiurban,1,3.2188758248682006
95,LP001326,Male,No,0,Graduate,No,6782,0.0,128.0,360.0,1.0,Urban,0,4.852030263919617
96,LP001327,Female,Yes,0,Graduate,No,2484,2302.0,137.0,360.0,1.0,Semiurban,1,4.919980925828125
97,LP001333,Male,Yes,0,Graduate,No,1977,997.0,50.0,360.0,1.0,Semiurban,1,3.912023005428146
98,LP001334,Male,Yes,0,Not Graduate,No,4188,0.0,115.0,180.0,1.0,Semiurban,1,4.74493212836325
99,LP001343,Male,Yes,0,Graduate,No,1759,3541.0,131.0,360.0,1.0,Semiurban,1,4.875197323201151
100,LP001345,Male,Yes,2,Not Graduate,No,4288,3263.0,133.0,180.0,1.0,Urban,1,4.890349128221754
101,LP001349,Male,No,0,Graduate,No,4843,3806.0,151.0,360.0,1.0,Semiurban,1,5.017279836814924
102,LP001350,Male,Yes,0,Graduate,No,13650,0.0,128.0,360.0,1.0,Urban,1,4.852030263919617
103,LP001356,Male,Yes,0,Graduate,No,4652,3583.0,128.0,360.0,1.0,Semiurban,1,4.852030263919617
104,LP001357,Male,Yes,0,Graduate,No,3816,754.0,160.0,360.0,1.0,Urban,1,5.075173815233827
105,LP001367,Male,Yes,1,Graduate,No,3052,1030.0,100.0,360.0,1.0,Urban,1,4.605170185988092
106,LP001369,Male,Yes,2,Graduate,No,11417,1126.0,225.0,360.0,1.0,Urban,1,5.41610040220442
107,LP001370,Male,No,0,Not Graduate,No,7333,0.0,120.0,360.0,1.0,Rural,0,4.787491742782046
108,LP001379,Male,Yes,2,Graduate,No,3800,3600.0,216.0,360.0,0.0,Urban,0,5.375278407684165
109,LP001384,Male,Yes,3,Not Graduate,No,2071,754.0,94.0,480.0,1.0,Semiurban,1,4.543294782270004
110,LP001385,Male,No,0,Graduate,No,5316,0.0,136.0,360.0,1.0,Urban,1,4.912654885736052
111,LP001387,Female,Yes,0,Graduate,No,2929,2333.0,139.0,360.0,1.0,Semiurban,1,4.9344739331306915
112,LP001391,Male,Yes,0,Not Graduate,No,3572,4114.0,152.0,360.0,0.0,Rural,0,5.0238805208462765
113,LP001392,Female,No,1,Graduate,Yes,7451,0.0,128.0,360.0,1.0,Semiurban,1,4.852030263919617
114,LP001398,Male,No,0,Graduate,No,5050,0.0,118.0,360.0,1.0,Semiurban,1,4.770684624465665
115,LP001401,Male,Yes,1,Graduate,No,14583,0.0,185.0,180.0,1.0,Rural,1,5.220355825078324
116,LP001404,Female,Yes,0,Graduate,No,3167,2283.0,154.0,360.0,1.0,Semiurban,1,5.0369526024136295
117,LP001405,Male,Yes,1,Graduate,No,2214,1398.0,85.0,360.0,1.0,Urban,1,4.442651256490317
118,LP001421,Male,Yes,0,Graduate,No,5568,2142.0,175.0,360.0,1.0,Rural,0,5.1647859739235145
119,LP001422,Female,No,0,Graduate,No,10408,0.0,259.0,360.0,1.0,Urban,1,5.556828061699537
120,LP001426,Male,Yes,0,Graduate,No,5667,2667.0,180.0,360.0,1.0,Rural,1,5.19295685089021
121,LP001430,Female,No,0,Graduate,No,4166,0.0,44.0,360.0,1.0,Semiurban,1,3.784189633918261
122,LP001431,Female,No,0,Graduate,No,2137,8980.0,137.0,360.0,0.0,Semiurban,1,4.919980925828125
123,LP001432,Male,Yes,2,Graduate,No,2957,0.0,81.0,360.0,1.0,Semiurban,1,4.394449154672439
124,LP001439,Male,Yes,0,Not Graduate,No,4300,2014.0,194.0,360.0,1.0,Rural,1,5.267858159063328
125,LP001443,Female,No,0,Graduate,No,3692,0.0,93.0,360.0,1.0,Rural,1,4.532599493153256
126,LP001448,Male,Yes,3,Graduate,No,23803,0.0,370.0,360.0,1.0,Rural,1,5.91350300563827
127,LP001449,Male,No,0,Graduate,No,3865,1640.0,128.0,360.0,1.0,Rural,1,4.852030263919617
128,LP001451,Male,Yes,1,Graduate,Yes,10513,3850.0,160.0,180.0,0.0,Urban,0,5.075173815233827
129,LP001465,Male,Yes,0,Graduate,No,6080,2569.0,182.0,360.0,1.0,Rural,0,5.204006687076795
130,LP001469,Male,No,0,Graduate,Yes,20166,0.0,650.0,480.0,1.0,Urban,1,6.476972362889683
131,LP001473,Male,No,0,Graduate,No,2014,1929.0,74.0,360.0,1.0,Urban,1,4.30406509320417
132,LP001478,Male,No,0,Graduate,No,2718,0.0,70.0,360.0,1.0,Semiurban,1,4.248495242049359
133,LP001482,Male,Yes,0,Graduate,Yes,3459,0.0,25.0,120.0,1.0,Semiurban,1,3.2188758248682006
134,LP001487,Male,No,0,Graduate,No,4895,0.0,102.0,360.0,1.0,Semiurban,1,4.624972813284271
135,LP001488,Male,Yes,3,Graduate,No,4000,7750.0,290.0,360.0,1.0,Semiurban,0,5.66988092298052
136,LP001489,Female,Yes,0,Graduate,No,4583,0.0,84.0,360.0,1.0,Rural,0,4.430816798843313
137,LP001491,Male,Yes,2,Graduate,Yes,3316,3500.0,88.0,360.0,1.0,Urban,1,4.477336814478207
138,LP001492,Male,No,0,Graduate,No,14999,0.0,242.0,360.0,0.0,Semiurban,0,5.488937726156687
139,LP001493,Male,Yes,2,Not Graduate,No,4200,1430.0,129.0,360.0,1.0,Rural,0,4.859812404361672
140,LP001497,Male,Yes,2,Graduate,No,5042,2083.0,185.0,360.0,1.0,Rural,0,5.220355825078324
141,LP001498,Male,No,0,Graduate,No,5417,0.0,168.0,360.0,1.0,Urban,1,5.123963979403259
142,LP001504,Male,No,0,Graduate,Yes,6950,0.0,175.0,180.0,1.0,Semiurban,1,5.1647859739235145
143,LP001507,Male,Yes,0,Graduate,No,2698,2034.0,122.0,360.0,1.0,Semiurban,1,4.804021044733257
144,LP001508,Male,Yes,2,Graduate,No,11757,0.0,187.0,180.0,1.0,Urban,1,5.231108616854587
145,LP001514,Female,Yes,0,Graduate,No,2330,4486.0,100.0,360.0,1.0,Semiurban,1,4.605170185988092
146,LP001516,Female,Yes,2,Graduate,No,14866,0.0,70.0,360.0,1.0,Urban,1,4.248495242049359
147,LP001518,Male,Yes,1,Graduate,No,1538,1425.0,30.0,360.0,1.0,Urban,1,3.4011973816621555
148,LP001519,Female,No,0,Graduate,No,10000,1666.0,225.0,360.0,1.0,Rural,0,5.41610040220442
149,LP001520,Male,Yes,0,Graduate,No,4860,830.0,125.0,360.0,1.0,Semiurban,1,4.8283137373023015
150,LP001528,Male,No,0,Graduate,No,6277,0.0,118.0,360.0,0.0,Rural,0,4.770684624465665
151,LP001529,Male,Yes,0,Graduate,Yes,2577,3750.0,152.0,360.0,1.0,Rural,1,5.0238805208462765
152,LP001531,Male,No,0,Graduate,No,9166,0.0,244.0,360.0,1.0,Urban,0,5.497168225293202
153,LP001532,Male,Yes,2,Not Graduate,No,2281,0.0,113.0,360.0,1.0,Rural,0,4.727387818712341
154,LP001535,Male,No,0,Graduate,No,3254,0.0,50.0,360.0,1.0,Urban,1,3.912023005428146
155,LP001536,Male,Yes,3,Graduate,No,39999,0.0,600.0,180.0,0.0,Semiurban,1,6.396929655216146
156,LP001541,Male,Yes,1,Graduate,No,6000,0.0,160.0,360.0,1.0,Rural,1,5.075173815233827
157,LP001543,Male,Yes,1,Graduate,No,9538,0.0,187.0,360.0,1.0,Urban,1,5.231108616854587
158,LP001546,Male,No,0,Graduate,No,2980,2083.0,120.0,360.0,1.0,Rural,1,4.787491742782046
159,LP001552,Male,Yes,0,Graduate,No,4583,5625.0,255.0,360.0,1.0,Semiurban,1,5.541263545158426
160,LP001560,Male,Yes,0,Not Graduate,No,1863,1041.0,98.0,360.0,1.0,Semiurban,1,4.584967478670572
161,LP001562,Male,Yes,0,Graduate,No,7933,0.0,275.0,360.0,1.0,Urban,0,5.616771097666572
162,LP001565,Male,Yes,1,Graduate,No,3089,1280.0,121.0,360.0,0.0,Semiurban,0,4.795790545596741
163,LP001570,Male,Yes,2,Graduate,No,4167,1447.0,158.0,360.0,1.0,Rural,1,5.062595033026967
164,LP001572,Male,Yes,0,Graduate,No,9323,0.0,75.0,180.0,1.0,Urban,1,4.31748811353631
165,LP001574,Male,Yes,0,Graduate,No,3707,3166.0,182.0,360.0,1.0,Rural,1,5.204006687076795
166,LP001577,Female,Yes,0,Graduate,No,4583,0.0,112.0,360.0,1.0,Rural,0,4.718498871295094
167,LP001578,Male,Yes,0,Graduate,No,2439,3333.0,129.0,360.0,1.0,Rural,1,4.859812404361672
168,LP001579,Male,No,0,Graduate,No,2237,0.0,63.0,480.0,0.0,Semiurban,0,4.143134726391533
169,LP001580,Male,Yes,2,Graduate,No,8000,0.0,200.0,360.0,1.0,Semiurban,1,5.298317366548036
170,LP001581,Male,Yes,0,Not Graduate,No,1820,1769.0,95.0,360.0,1.0,Rural,1,4.553876891600541
171,LP001585,Male,Yes,3,Graduate,No,51763,0.0,700.0,300.0,1.0,Urban,1,6.551080335043404
172,LP001586,Male,Yes,3,Not Graduate,No,3522,0.0,81.0,180.0,1.0,Rural,0,4.394449154672439
173,LP001594,Male,Yes,0,Graduate,No,5708,5625.0,187.0,360.0,1.0,Semiurban,1,5.231108616854587
174,LP001603,Male,Yes,0,Not Graduate,Yes,4344,736.0,87.0,360.0,1.0,Semiurban,0,4.465908118654584
175,LP001606,Male,Yes,0,Graduate,No,3497,1964.0,116.0,360.0,1.0,Rural,1,4.7535901911063645
176,LP001608,Male,Yes,2,Graduate,No,2045,1619.0,101.0,360.0,1.0,Rural,1,4.61512051684126
177,LP001610,Male,Yes,3,Graduate,No,5516,11300.0,495.0,360.0,0.0,Semiurban,0,6.20455776256869
178,LP001616,Male,Yes,1,Graduate,No,3750,0.0,116.0,360.0,1.0,Semiurban,1,4.7535901911063645
179,LP001630,Male,No,0,Not Graduate,No,2333,1451.0,102.0,480.0,0.0,Urban,0,4.624972813284271
180,LP001633,Male,Yes,1,Graduate,No,6400,7250.0,180.0,360.0,0.0,Urban,0,5.19295685089021
181,LP001634,Male,No,0,Graduate,No,1916,5063.0,67.0,360.0,1.0,Rural,0,4.204692619390966
182,LP001636,Male,Yes,0,Graduate,No,4600,0.0,73.0,180.0,1.0,Semiurban,1,4.290459441148391
183,LP001637,Male,Yes,1,Graduate,No,33846,0.0,260.0,360.0,1.0,Semiurban,0,5.560681631015528
184,LP001639,Female,Yes,0,Graduate,No,3625,0.0,108.0,360.0,1.0,Semiurban,1,4.68213122712422
185,LP001640,Male,Yes,0,Graduate,Yes,39147,4750.0,120.0,360.0,1.0,Semiurban,1,4.787491742782046
186,LP001641,Male,Yes,1,Graduate,Yes,2178,0.0,66.0,300.0,0.0,Rural,0,4.189654742026425
187,LP001643,Male,Yes,0,Graduate,No,2383,2138.0,58.0,360.0,1.0,Rural,1,4.060443010546419
188,LP001644,Male,Yes,0,Graduate,Yes,674,5296.0,168.0,360.0,1.0,Rural,1,5.123963979403259
189,LP001647,Male,Yes,0,Graduate,No,9328,0.0,188.0,180.0,1.0,Rural,1,5.236441962829949
190,LP001653,Male,No,0,Not Graduate,No,4885,0.0,48.0,360.0,1.0,Rural,1,3.871201010907891
191,LP001656,Male,No,0,Graduate,No,12000,0.0,164.0,360.0,1.0,Semiurban,0,5.099866427824199
192,LP001657,Male,Yes,0,Not Graduate,No,6033,0.0,160.0,360.0,1.0,Urban,0,5.075173815233827
193,LP001658,Male,No,0,Graduate,No,3858,0.0,76.0,360.0,1.0,Semiurban,1,4.330733340286331
194,LP001664,Male,No,0,Graduate,No,4191,0.0,120.0,360.0,1.0,Rural,1,4.787491742782046
195,LP001665,Male,Yes,1,Graduate,No,3125,2583.0,170.0,360.0,1.0,Semiurban,0,5.135798437050262
196,LP001666,Male,No,0,Graduate,No,8333,3750.0,187.0,360.0,1.0,Rural,1,5.231108616854587
197,LP001669,Female,No,0,Not Graduate,No,1907,2365.0,120.0,360.0,1.0,Urban,1,4.787491742782046
198,LP001671,Female,Yes,0,Graduate,No,3416,2816.0,113.0,360.0,1.0,Semiurban,1,4.727387818712341
199,LP001673,Male,No,0,Graduate,Yes,11000,0.0,83.0,360.0,1.0,Urban,0,4.418840607796598
200,LP001674,Male,Yes,1,Not Graduate,No,2600,2500.0,90.0,360.0,1.0,Semiurban,1,4.499809670330265
201,LP001677,Male,No,2,Graduate,No,4923,0.0,166.0,360.0,0.0,Semiurban,1,5.111987788356544
202,LP001682,Male,Yes,3,Not Graduate,No,3992,0.0,128.0,180.0,1.0,Urban,0,4.852030263919617
203,LP001688,Male,Yes,1,Not Graduate,No,3500,1083.0,135.0,360.0,1.0,Urban,1,4.90527477843843
204,LP001691,Male,Yes,2,Not Graduate,No,3917,0.0,124.0,360.0,1.0,Semiurban,1,4.820281565605037
205,LP001692,Female,No,0,Not Graduate,No,4408,0.0,120.0,360.0,1.0,Semiurban,1,4.787491742782046
206,LP001693,Female,No,0,Graduate,No,3244,0.0,80.0,360.0,1.0,Urban,1,4.382026634673881
207,LP001698,Male,No,0,Not Graduate,No,3975,2531.0,55.0,360.0,1.0,Rural,1,4.007333185232471
208,LP001699,Male,No,0,Graduate,No,2479,0.0,59.0,360.0,1.0,Urban,1,4.07753744390572
209,LP001702,Male,No,0,Graduate,No,3418,0.0,127.0,360.0,1.0,Semiurban,0,4.844187086458591
210,LP001708,Female,No,0,Graduate,No,10000,0.0,214.0,360.0,1.0,Semiurban,0,5.365976015021851
211,LP001711,Male,Yes,3,Graduate,No,3430,1250.0,128.0,360.0,0.0,Semiurban,0,4.852030263919617
212,LP001713,Male,Yes,1,Graduate,Yes,7787,0.0,240.0,360.0,1.0,Urban,1,5.480638923341991
213,LP001715,Male,Yes,3,Not Graduate,Yes,5703,0.0,130.0,360.0,1.0,Rural,1,4.867534450455582
214,LP001716,Male,Yes,0,Graduate,No,3173,3021.0,137.0,360.0,1.0,Urban,1,4.919980925828125
215,LP001720,Male,Yes,3,Not Graduate,No,3850,983.0,100.0,360.0,1.0,Semiurban,1,4.605170185988092
216,LP001722,Male,Yes,0,Graduate,No,150,1800.0,135.0,360.0,1.0,Rural,0,4.90527477843843
217,LP001726,Male,Yes,0,Graduate,No,3727,1775.0,131.0,360.0,1.0,Semiurban,1,4.875197323201151
218,LP001732,Male,Yes,2,Graduate,No,5000,0.0,72.0,360.0,0.0,Semiurban,0,4.276666119016055
219,LP001734,Female,Yes,2,Graduate,No,4283,2383.0,127.0,360.0,1.0,Semiurban,1,4.844187086458591
220,LP001736,Male,Yes,0,Graduate,No,2221,0.0,60.0,360.0,0.0,Urban,0,4.0943445622221
221,LP001743,Male,Yes,2,Graduate,No,4009,1717.0,116.0,360.0,1.0,Semiurban,1,4.7535901911063645
222,LP001744,Male,No,0,Graduate,No,2971,2791.0,144.0,360.0,1.0,Semiurban,1,4.969813299576001
223,LP001749,Male,Yes,0,Graduate,No,7578,1010.0,175.0,360.0,1.0,Semiurban,1,5.1647859739235145
224,LP001750,Male,Yes,0,Graduate,No,6250,0.0,128.0,360.0,1.0,Semiurban,1,4.852030263919617
225,LP001751,Male,Yes,0,Graduate,No,3250,0.0,170.0,360.0,1.0,Rural,0,5.135798437050262
226,LP001754,Male,Yes,0,Not Graduate,Yes,4735,0.0,138.0,360.0,1.0,Urban,0,4.927253685157205
227,LP001758,Male,Yes,2,Graduate,No,6250,1695.0,210.0,360.0,1.0,Semiurban,1,5.3471075307174685
228,LP001760,Male,Yes,0,Graduate,No,4758,0.0,158.0,480.0,1.0,Semiurban,1,5.062595033026967
229,LP001761,Male,No,0,Graduate,Yes,6400,0.0,200.0,360.0,1.0,Rural,1,5.298317366548036
230,LP001765,Male,Yes,1,Graduate,No,2491,2054.0,104.0,360.0,1.0,Semiurban,1,4.6443908991413725
231,LP001768,Male,Yes,0,Graduate,No,3716,0.0,42.0,180.0,1.0,Rural,1,3.7376696182833684
232,LP001770,Male,No,0,Not Graduate,No,3189,2598.0,120.0,360.0,1.0,Rural,1,4.787491742782046
233,LP001776,Female,No,0,Graduate,No,8333,0.0,280.0,360.0,1.0,Semiurban,1,5.634789603169249
234,LP001778,Male,Yes,1,Graduate,No,3155,1779.0,140.0,360.0,1.0,Semiurban,1,4.941642422609304
235,LP001784,Male,Yes,1,Graduate,No,5500,1260.0,170.0,360.0,1.0,Rural,1,5.135798437050262
236,LP001786,Male,Yes,0,Graduate,No,5746,0.0,255.0,360.0,1.0,Urban,0,5.541263545158426
237,LP001788,Female,No,0,Graduate,Yes,3463,0.0,122.0,360.0,1.0,Urban,1,4.804021044733257
238,LP001790,Female,No,1,Graduate,No,3812,0.0,112.0,360.0,1.0,Rural,1,4.718498871295094
239,LP001792,Male,Yes,1,Graduate,No,3315,0.0,96.0,360.0,1.0,Semiurban,1,4.564348191467836
240,LP001798,Male,Yes,2,Graduate,No,5819,5000.0,120.0,360.0,1.0,Rural,1,4.787491742782046
241,LP001800,Male,Yes,1,Not Graduate,No,2510,1983.0,140.0,180.0,1.0,Urban,0,4.941642422609304
242,LP001806,Male,No,0,Graduate,No,2965,5701.0,155.0,60.0,1.0,Urban,1,5.043425116919247
243,LP001807,Male,Yes,2,Graduate,Yes,6250,1300.0,108.0,360.0,1.0,Rural,1,4.68213122712422
244,LP001811,Male,Yes,0,Not Graduate,No,3406,4417.0,123.0,360.0,1.0,Semiurban,1,4.812184355372417
245,LP001813,Male,No,0,Graduate,Yes,6050,4333.0,120.0,180.0,1.0,Urban,0,4.787491742782046
246,LP001814,Male,Yes,2,Graduate,No,9703,0.0,112.0,360.0,1.0,Urban,1,4.718498871295094
247,LP001819,Male,Yes,1,Not Graduate,No,6608,0.0,137.0,180.0,1.0,Urban,1,4.919980925828125
248,LP001824,Male,Yes,1,Graduate,No,2882,1843.0,123.0,480.0,1.0,Semiurban,1,4.812184355372417
249,LP001825,Male,Yes,0,Graduate,No,1809,1868.0,90.0,360.0,1.0,Urban,1,4.499809670330265
250,LP001835,Male,Yes,0,Not Graduate,No,1668,3890.0,201.0,360.0,0.0,Semiurban,0,5.303304908059076
251,LP001836,Female,No,2,Graduate,No,3427,0.0,138.0,360.0,1.0,Urban,0,4.927253685157205
252,LP001841,Male,No,0,Not Graduate,Yes,2583,2167.0,104.0,360.0,1.0,Rural,1,4.6443908991413725
253,LP001843,Male,Yes,1,Not Graduate,No,2661,7101.0,279.0,180.0,1.0,Semiurban,1,5.631211781821365
254,LP001844,Male,No,0,Graduate,Yes,16250,0.0,192.0,360.0,0.0,Urban,0,5.2574953720277815
255,LP001846,Female,No,3,Graduate,No,3083,0.0,255.0,360.0,1.0,Rural,1,5.541263545158426
256,LP001849,Male,No,0,Not Graduate,No,6045,0.0,115.0,360.0,0.0,Rural,0,4.74493212836325
257,LP001854,Male,Yes,3,Graduate,No,5250,0.0,94.0,360.0,1.0,Urban,0,4.543294782270004
258,LP001859,Male,Yes,0,Graduate,No,14683,2100.0,304.0,360.0,1.0,Rural,0,5.717027701406222
259,LP001864,Male,Yes,3,Not Graduate,No,4931,0.0,128.0,360.0,1.0,Semiurban,0,4.852030263919617
260,LP001865,Male,Yes,1,Graduate,No,6083,4250.0,330.0,360.0,1.0,Urban,1,5.799092654460526
261,LP001868,Male,No,0,Graduate,No,2060,2209.0,134.0,360.0,1.0,Semiurban,1,4.897839799950911
262,LP001870,Female,No,1,Graduate,No,3481,0.0,155.0,36.0,1.0,Semiurban,0,5.043425116919247
263,LP001871,Female,No,0,Graduate,No,7200,0.0,120.0,360.0,1.0,Rural,1,4.787491742782046
264,LP001872,Male,No,0,Graduate,Yes,5166,0.0,128.0,360.0,1.0,Semiurban,1,4.852030263919617
265,LP001875,Male,No,0,Graduate,No,4095,3447.0,151.0,360.0,1.0,Rural,1,5.017279836814924
266,LP001877,Male,Yes,2,Graduate,No,4708,1387.0,150.0,360.0,1.0,Semiurban,1,5.0106352940962555
267,LP001882,Male,Yes,3,Graduate,No,4333,1811.0,160.0,360.0,0.0,Urban,1,5.075173815233827
268,LP001883,Female,No,0,Graduate,No,3418,0.0,135.0,360.0,1.0,Rural,0,4.90527477843843
269,LP001884,Female,No,1,Graduate,No,2876,1560.0,90.0,360.0,1.0,Urban,1,4.499809670330265
270,LP001888,Female,No,0,Graduate,No,3237,0.0,30.0,360.0,1.0,Urban,1,3.4011973816621555
271,LP001891,Male,Yes,0,Graduate,No,11146,0.0,136.0,360.0,1.0,Urban,1,4.912654885736052
272,LP001892,Male,No,0,Graduate,No,2833,1857.0,126.0,360.0,1.0,Rural,1,4.836281906951478
273,LP001894,Male,Yes,0,Graduate,No,2620,2223.0,150.0,360.0,1.0,Semiurban,1,5.0106352940962555
274,LP001896,Male,Yes,2,Graduate,No,3900,0.0,90.0,360.0,1.0,Semiurban,1,4.499809670330265
275,LP001900,Male,Yes,1,Graduate,No,2750,1842.0,115.0,360.0,1.0,Semiurban,1,4.74493212836325
276,LP001903,Male,Yes,0,Graduate,No,3993,3274.0,207.0,360.0,1.0,Semiurban,1,5.332718793265369
277,LP001904,Male,Yes,0,Graduate,No,3103,1300.0,80.0,360.0,1.0,Urban,1,4.382026634673881
278,LP001907,Male,Yes,0,Graduate,No,14583,0.0,436.0,360.0,1.0,Semiurban,1,6.077642243349034
279,LP001908,Female,Yes,0,Not Graduate,No,4100,0.0,124.0,360.0,1.0,Rural,1,4.820281565605037
280,LP001910,Male,No,1,Not Graduate,Yes,4053,2426.0,158.0,360.0,0.0,Urban,0,5.062595033026967
281,LP001914,Male,Yes,0,Graduate,No,3927,800.0,112.0,360.0,1.0,Semiurban,1,4.718498871295094
282,LP001915,Male,Yes,2,Graduate,No,2301,985.7999877999998,78.0,180.0,1.0,Urban,1,4.356708826689592
283,LP001917,Female,No,0,Graduate,No,1811,1666.0,54.0,360.0,1.0,Urban,1,3.9889840465642745
284,LP001922,Male,Yes,0,Graduate,No,20667,0.0,128.0,360.0,1.0,Rural,0,4.852030263919617
285,LP001924,Male,No,0,Graduate,No,3158,3053.0,89.0,360.0,1.0,Rural,1,4.48863636973214
286,LP001925,Female,No,0,Graduate,Yes,2600,1717.0,99.0,300.0,1.0,Semiurban,0,4.59511985013459
287,LP001926,Male,Yes,0,Graduate,No,3704,2000.0,120.0,360.0,1.0,Rural,1,4.787491742782046
288,LP001931,Female,No,0,Graduate,No,4124,0.0,115.0,360.0,1.0,Semiurban,1,4.74493212836325
289,LP001935,Male,No,0,Graduate,No,9508,0.0,187.0,360.0,1.0,Rural,1,5.231108616854587
290,LP001936,Male,Yes,0,Graduate,No,3075,2416.0,139.0,360.0,1.0,Rural,1,4.9344739331306915
291,LP001938,Male,Yes,2,Graduate,No,4400,0.0,127.0,360.0,0.0,Semiurban,0,4.844187086458591
292,LP001940,Male,Yes,2,Graduate,No,3153,1560.0,134.0,360.0,1.0,Urban,1,4.897839799950911
293,LP001945,Female,No,0,Graduate,No,5417,0.0,143.0,480.0,0.0,Urban,0,4.962844630259907
294,LP001947,Male,Yes,0,Graduate,No,2383,3334.0,172.0,360.0,1.0,Semiurban,1,5.147494476813453
295,LP001949,Male,Yes,3,Graduate,No,4416,1250.0,110.0,360.0,1.0,Urban,1,4.700480365792417
296,LP001953,Male,Yes,1,Graduate,No,6875,0.0,200.0,360.0,1.0,Semiurban,1,5.298317366548036
297,LP001954,Female,Yes,1,Graduate,No,4666,0.0,135.0,360.0,1.0,Urban,1,4.90527477843843
298,LP001955,Female,No,0,Graduate,No,5000,2541.0,151.0,480.0,1.0,Rural,0,5.017279836814924
299,LP001963,Male,Yes,1,Graduate,No,2014,2925.0,113.0,360.0,1.0,Urban,0,4.727387818712341
300,LP001964,Male,Yes,0,Not Graduate,No,1800,2934.0,93.0,360.0,0.0,Urban,0,4.532599493153256
301,LP001972,Male,Yes,0,Not Graduate,No,2875,1750.0,105.0,360.0,1.0,Semiurban,1,4.653960350157523
302,LP001974,Female,No,0,Graduate,No,5000,0.0,132.0,360.0,1.0,Rural,1,4.882801922586371
303,LP001977,Male,Yes,1,Graduate,No,1625,1803.0,96.0,360.0,1.0,Urban,1,4.564348191467836
304,LP001978,Male,No,0,Graduate,No,4000,2500.0,140.0,360.0,1.0,Rural,1,4.941642422609304
305,LP001990,Male,No,0,Not Graduate,No,2000,0.0,128.0,360.0,1.0,Urban,0,4.852030263919617
306,LP001993,Female,No,0,Graduate,No,3762,1666.0,135.0,360.0,1.0,Rural,1,4.90527477843843
307,LP001994,Female,No,0,Graduate,No,2400,1863.0,104.0,360.0,0.0,Urban,0,4.6443908991413725
308,LP001996,Male,No,0,Graduate,No,20233,0.0,480.0,360.0,1.0,Rural,0,6.173786103901937
309,LP001998,Male,Yes,2,Not Graduate,No,7667,0.0,185.0,360.0,1.0,Rural,1,5.220355825078324
310,LP002002,Female,No,0,Graduate,No,2917,0.0,84.0,360.0,1.0,Semiurban,1,4.430816798843313
311,LP002004,Male,No,0,Not Graduate,No,2927,2405.0,111.0,360.0,1.0,Semiurban,1,4.709530201312334
312,LP002006,Female,No,0,Graduate,No,2507,0.0,56.0,360.0,1.0,Rural,1,4.02535169073515
313,LP002008,Male,Yes,2,Graduate,Yes,5746,0.0,144.0,84.0,1.0,Rural,1,4.969813299576001
314,LP002024,Male,Yes,0,Graduate,No,2473,1843.0,159.0,360.0,1.0,Rural,0,5.0689042022202315
315,LP002031,Male,Yes,1,Not Graduate,No,3399,1640.0,111.0,180.0,1.0,Urban,1,4.709530201312334
316,LP002035,Male,Yes,2,Graduate,No,3717,0.0,120.0,360.0,1.0,Semiurban,1,4.787491742782046
317,LP002036,Male,Yes,0,Graduate,No,2058,2134.0,88.0,360.0,1.0,Urban,1,4.477336814478207
318,LP002043,Female,No,1,Graduate,No,3541,0.0,112.0,360.0,1.0,Semiurban,1,4.718498871295094
319,LP002050,Male,Yes,1,Graduate,Yes,10000,0.0,155.0,360.0,1.0,Rural,0,5.043425116919247
320,LP002051,Male,Yes,0,Graduate,No,2400,2167.0,115.0,360.0,1.0,Semiurban,1,4.74493212836325
321,LP002053,Male,Yes,3,Graduate,No,4342,189.0,124.0,360.0,1.0,Semiurban,1,4.820281565605037
322,LP002054,Male,Yes,2,Not Graduate,No,3601,1590.0,128.0,360.0,1.0,Rural,1,4.852030263919617
323,LP002055,Female,No,0,Graduate,No,3166,2985.0,132.0,360.0,1.0,Rural,1,4.882801922586371
324,LP002065,Male,Yes,3,Graduate,No,15000,0.0,300.0,360.0,1.0,Rural,1,5.703782474656201
325,LP002067,Male,Yes,1,Graduate,Yes,8666,4983.0,376.0,360.0,0.0,Rural,0,5.929589143389895
326,LP002068,Male,No,0,Graduate,No,4917,0.0,130.0,360.0,0.0,Rural,1,4.867534450455582
327,LP002082,Male,Yes,0,Graduate,Yes,5818,2160.0,184.0,360.0,1.0,Semiurban,1,5.214935757608986
328,LP002086,Female,Yes,0,Graduate,No,4333,2451.0,110.0,360.0,1.0,Urban,0,4.700480365792417
329,LP002087,Female,No,0,Graduate,No,2500,0.0,67.0,360.0,1.0,Urban,1,4.204692619390966
330,LP002097,Male,No,1,Graduate,No,4384,1793.0,117.0,360.0,1.0,Urban,1,4.762173934797756
331,LP002098,Male,No,0,Graduate,No,2935,0.0,98.0,360.0,1.0,Semiurban,1,4.584967478670572
332,LP002100,Male,No,0,Graduate,No,2833,0.0,71.0,360.0,1.0,Urban,1,4.2626798770413155
333,LP002101,Male,Yes,0,Graduate,No,63337,0.0,490.0,180.0,1.0,Urban,1,6.194405391104672
334,LP002103,Male,Yes,1,Graduate,Yes,9833,1833.0,182.0,180.0,1.0,Urban,1,5.204006687076795
335,LP002106,Male,Yes,0,Graduate,Yes,5503,4490.0,70.0,360.0,1.0,Semiurban,1,4.248495242049359
336,LP002110,Male,Yes,1,Graduate,No,5250,688.0,160.0,360.0,1.0,Rural,1,5.075173815233827
337,LP002112,Male,Yes,2,Graduate,Yes,2500,4600.0,176.0,360.0,1.0,Rural,1,5.170483995038151
338,LP002113,Female,No,3,Not Graduate,No,1830,0.0,128.0,360.0,0.0,Urban,0,4.852030263919617
339,LP002114,Female,No,0,Graduate,No,4160,0.0,71.0,360.0,1.0,Semiurban,1,4.2626798770413155
340,LP002115,Male,Yes,3,Not Graduate,No,2647,1587.0,173.0,360.0,1.0,Rural,0,5.153291594497779
341,LP002116,Female,No,0,Graduate,No,2378,0.0,46.0,360.0,1.0,Rural,0,3.828641396489095
342,LP002119,Male,Yes,1,Not Graduate,No,4554,1229.0,158.0,360.0,1.0,Urban,1,5.062595033026967
343,LP002126,Male,Yes,3,Not Graduate,No,3173,0.0,74.0,360.0,1.0,Semiurban,1,4.30406509320417
344,LP002128,Male,Yes,2,Graduate,No,2583,2330.0,125.0,360.0,1.0,Rural,1,4.8283137373023015
345,LP002129,Male,Yes,0,Graduate,No,2499,2458.0,160.0,360.0,1.0,Semiurban,1,5.075173815233827
346,LP002130,Male,Yes,0,Not Graduate,No,3523,3230.0,152.0,360.0,0.0,Rural,0,5.0238805208462765
347,LP002131,Male,Yes,2,Not Graduate,No,3083,2168.0,126.0,360.0,1.0,Urban,1,4.836281906951478
348,LP002137,Male,Yes,0,Graduate,No,6333,4583.0,259.0,360.0,1.0,Semiurban,1,5.556828061699537
349,LP002138,Male,Yes,0,Graduate,No,2625,6250.0,187.0,360.0,1.0,Rural,1,5.231108616854587
350,LP002139,Male,Yes,0,Graduate,No,9083,0.0,228.0,360.0,1.0,Semiurban,1,5.429345628954441
351,LP002140,Male,No,0,Graduate,No,8750,4167.0,308.0,360.0,1.0,Rural,0,5.730099782973574
352,LP002141,Male,Yes,3,Graduate,No,2666,2083.0,95.0,360.0,1.0,Rural,1,4.553876891600541
353,LP002142,Female,Yes,0,Graduate,Yes,5500,0.0,105.0,360.0,0.0,Rural,0,4.653960350157523
354,LP002143,Female,Yes,0,Graduate,No,2423,505.0,130.0,360.0,1.0,Semiurban,1,4.867534450455582
355,LP002144,Female,No,0,Graduate,No,3813,0.0,116.0,180.0,1.0,Urban,1,4.7535901911063645
356,LP002149,Male,Yes,2,Graduate,No,8333,3167.0,165.0,360.0,1.0,Rural,1,5.10594547390058
357,LP002151,Male,Yes,1,Graduate,No,3875,0.0,67.0,360.0,1.0,Urban,0,4.204692619390966
358,LP002158,Male,Yes,0,Not Graduate,No,3000,1666.0,100.0,480.0,0.0,Urban,0,4.605170185988092
359,LP002160,Male,Yes,3,Graduate,No,5167,3167.0,200.0,360.0,1.0,Semiurban,1,5.298317366548036
360,LP002161,Female,No,1,Graduate,No,4723,0.0,81.0,360.0,1.0,Semiurban,0,4.394449154672439
361,LP002170,Male,Yes,2,Graduate,No,5000,3667.0,236.0,360.0,1.0,Semiurban,1,5.4638318050256105
362,LP002175,Male,Yes,0,Graduate,No,4750,2333.0,130.0,360.0,1.0,Urban,1,4.867534450455582
363,LP002178,Male,Yes,0,Graduate,No,3013,3033.0,95.0,300.0,1.0,Urban,1,4.553876891600541
364,LP002180,Male,No,0,Graduate,Yes,6822,0.0,141.0,360.0,1.0,Rural,1,4.948759890378168
365,LP002181,Male,No,0,Not Graduate,No,6216,0.0,133.0,360.0,1.0,Rural,0,4.890349128221754
366,LP002187,Male,No,0,Graduate,No,2500,0.0,96.0,480.0,1.0,Semiurban,0,4.564348191467836
367,LP002188,Male,No,0,Graduate,No,5124,0.0,124.0,360.0,0.0,Rural,0,4.820281565605037
368,LP002190,Male,Yes,1,Graduate,No,6325,0.0,175.0,360.0,1.0,Semiurban,1,5.1647859739235145
369,LP002191,Male,Yes,0,Graduate,No,19730,5266.0,570.0,360.0,1.0,Rural,0,6.345636360828596
370,LP002194,Female,No,0,Graduate,Yes,15759,0.0,55.0,360.0,1.0,Semiurban,1,4.007333185232471
371,LP002197,Male,Yes,2,Graduate,No,5185,0.0,155.0,360.0,1.0,Semiurban,1,5.043425116919247
372,LP002201,Male,Yes,2,Graduate,Yes,9323,7873.0,380.0,300.0,1.0,Rural,1,5.940171252720432
373,LP002205,Male,No,1,Graduate,No,3062,1987.0,111.0,180.0,0.0,Urban,0,4.709530201312334
374,LP002209,Female,No,0,Graduate,No,2764,1459.0,110.0,360.0,1.0,Urban,1,4.700480365792417
375,LP002211,Male,Yes,0,Graduate,No,4817,923.0,120.0,180.0,1.0,Urban,1,4.787491742782046
376,LP002219,Male,Yes,3,Graduate,No,8750,4996.0,130.0,360.0,1.0,Rural,1,4.867534450455582
377,LP002223,Male,Yes,0,Graduate,No,4310,0.0,130.0,360.0,1.0,Semiurban,1,4.867534450455582
378,LP002224,Male,No,0,Graduate,No,3069,0.0,71.0,480.0,1.0,Urban,0,4.2626798770413155
379,LP002225,Male,Yes,2,Graduate,No,5391,0.0,130.0,360.0,1.0,Urban,1,4.867534450455582
380,LP002226,Male,Yes,0,Graduate,No,3333,2500.0,128.0,360.0,1.0,Semiurban,1,4.852030263919617
381,LP002229,Male,No,0,Graduate,No,5941,4232.0,296.0,360.0,1.0,Semiurban,1,5.69035945432406
382,LP002231,Female,No,0,Graduate,No,6000,0.0,156.0,360.0,1.0,Urban,1,5.049856007249537
383,LP002234,Male,No,0,Graduate,Yes,7167,0.0,128.0,360.0,1.0,Urban,1,4.852030263919617
384,LP002236,Male,Yes,2,Graduate,No,4566,0.0,100.0,360.0,1.0,Urban,0,4.605170185988092
385,LP002237,Male,No,1,Graduate,No,3667,0.0,113.0,180.0,1.0,Urban,1,4.727387818712341
386,LP002239,Male,No,0,Not Graduate,No,2346,1600.0,132.0,360.0,1.0,Semiurban,1,4.882801922586371
387,LP002243,Male,Yes,0,Not Graduate,No,3010,3136.0,128.0,360.0,0.0,Urban,0,4.852030263919617
388,LP002244,Male,Yes,0,Graduate,No,2333,2417.0,136.0,360.0,1.0,Urban,1,4.912654885736052
389,LP002250,Male,Yes,0,Graduate,No,5488,0.0,125.0,360.0,1.0,Rural,1,4.8283137373023015
390,LP002255,Male,No,3,Graduate,No,9167,0.0,185.0,360.0,1.0,Rural,1,5.220355825078324
391,LP002262,Male,Yes,3,Graduate,No,9504,0.0,275.0,360.0,1.0,Rural,1,5.616771097666572
392,LP002263,Male,Yes,0,Graduate,No,2583,2115.0,120.0,360.0,1.0,Urban,1,4.787491742782046
393,LP002265,Male,Yes,2,Not Graduate,No,1993,1625.0,113.0,180.0,1.0,Semiurban,1,4.727387818712341
394,LP002266,Male,Yes,2,Graduate,No,3100,1400.0,113.0,360.0,1.0,Urban,1,4.727387818712341
395,LP002272,Male,Yes,2,Graduate,No,3276,484.0,135.0,360.0,1.0,Semiurban,1,4.90527477843843
396,LP002277,Female,No,0,Graduate,No,3180,0.0,71.0,360.0,0.0,Urban,0,4.2626798770413155
397,LP002281,Male,Yes,0,Graduate,No,3033,1459.0,95.0,360.0,1.0,Urban,1,4.553876891600541
398,LP002284,Male,No,0,Not Graduate,No,3902,1666.0,109.0,360.0,1.0,Rural,1,4.6913478822291435
399,LP002287,Female,No,0,Graduate,No,1500,1800.0,103.0,360.0,0.0,Semiurban,0,4.634728988229636
400,LP002288,Male,Yes,2,Not Graduate,No,2889,0.0,45.0,180.0,0.0,Urban,0,3.8066624897703196
401,LP002296,Male,No,0,Not Graduate,No,2755,0.0,65.0,300.0,1.0,Rural,0,4.174387269895637
402,LP002297,Male,No,0,Graduate,No,2500,20000.0,103.0,360.0,1.0,Semiurban,1,4.634728988229636
403,LP002300,Female,No,0,Not Graduate,No,1963,0.0,53.0,360.0,1.0,Semiurban,1,3.970291913552122
404,LP002301,Female,No,0,Graduate,Yes,7441,0.0,194.0,360.0,1.0,Rural,0,5.267858159063328
405,LP002305,Female,No,0,Graduate,No,4547,0.0,115.0,360.0,1.0,Semiurban,1,4.74493212836325
406,LP002308,Male,Yes,0,Not Graduate,No,2167,2400.0,115.0,360.0,1.0,Urban,1,4.74493212836325
407,LP002314,Female,No,0,Not Graduate,No,2213,0.0,66.0,360.0,1.0,Rural,1,4.189654742026425
408,LP002315,Male,Yes,1,Graduate,No,8300,0.0,152.0,300.0,0.0,Semiurban,0,5.0238805208462765
409,LP002317,Male,Yes,3,Graduate,No,81000,0.0,360.0,360.0,0.0,Rural,0,5.886104031450156
410,LP002318,Female,No,1,Not Graduate,Yes,3867,0.0,62.0,360.0,1.0,Semiurban,0,4.127134385045092
411,LP002319,Male,Yes,0,Graduate,No,6256,0.0,160.0,360.0,1.0,Urban,1,5.075173815233827
412,LP002328,Male,Yes,0,Not Graduate,No,6096,0.0,218.0,360.0,0.0,Rural,0,5.384495062789089
413,LP002332,Male,Yes,0,Not Graduate,No,2253,2033.0,110.0,360.0,1.0,Rural,1,4.700480365792417
414,LP002335,Female,Yes,0,Not Graduate,No,2149,3237.0,178.0,360.0,0.0,Semiurban,0,5.181783550292085
415,LP002337,Female,No,0,Graduate,No,2995,0.0,60.0,360.0,1.0,Urban,1,4.0943445622221
416,LP002341,Female,No,1,Graduate,No,2600,0.0,160.0,360.0,1.0,Urban,0,5.075173815233827
417,LP002342,Male,Yes,2,Graduate,Yes,1600,20000.0,239.0,360.0,1.0,Urban,0,5.476463551931511
418,LP002345,Male,Yes,0,Graduate,No,1025,2773.0,112.0,360.0,1.0,Rural,1,4.718498871295094
419,LP002347,Male,Yes,0,Graduate,No,3246,1417.0,138.0,360.0,1.0,Semiurban,1,4.927253685157205
420,LP002348,Male,Yes,0,Graduate,No,5829,0.0,138.0,360.0,1.0,Rural,1,4.927253685157205
421,LP002357,Female,No,0,Not Graduate,No,2720,0.0,80.0,360.0,0.0,Urban,0,4.382026634673881
422,LP002361,Male,Yes,0,Graduate,No,1820,1719.0,100.0,360.0,1.0,Urban,1,4.605170185988092
423,LP002362,Male,Yes,1,Graduate,No,7250,1667.0,110.0,360.0,0.0,Urban,0,4.700480365792417
424,LP002364,Male,Yes,0,Graduate,No,14880,0.0,96.0,360.0,1.0,Semiurban,1,4.564348191467836
425,LP002366,Male,Yes,0,Graduate,No,2666,4300.0,121.0,360.0,1.0,Rural,1,4.795790545596741
426,LP002367,Female,No,1,Not Graduate,No,4606,0.0,81.0,360.0,1.0,Rural,0,4.394449154672439
427,LP002368,Male,Yes,2,Graduate,No,5935,0.0,133.0,360.0,1.0,Semiurban,1,4.890349128221754
428,LP002369,Male,Yes,0,Graduate,No,2920,16.12000084,87.0,360.0,1.0,Rural,1,4.465908118654584
429,LP002370,Male,No,0,Not Graduate,No,2717,0.0,60.0,180.0,1.0,Urban,1,4.0943445622221
430,LP002377,Female,No,1,Graduate,Yes,8624,0.0,150.0,360.0,1.0,Semiurban,1,5.0106352940962555
431,LP002379,Male,No,0,Graduate,No,6500,0.0,105.0,360.0,0.0,Rural,0,4.653960350157523
432,LP002386,Male,No,0,Graduate,No,12876,0.0,405.0,360.0,1.0,Semiurban,1,6.003887067106539
433,LP002387,Male,Yes,0,Graduate,No,2425,2340.0,143.0,360.0,1.0,Semiurban,1,4.962844630259907
434,LP002390,Male,No,0,Graduate,No,3750,0.0,100.0,360.0,1.0,Urban,1,4.605170185988092
435,LP002393,Female,Yes,0,Graduate,No,10047,0.0,128.0,240.0,1.0,Semiurban,1,4.852030263919617
436,LP002398,Male,No,0,Graduate,No,1926,1851.0,50.0,360.0,1.0,Semiurban,1,3.912023005428146
437,LP002401,Male,Yes,0,Graduate,No,2213,1125.0,128.0,360.0,1.0,Urban,1,4.852030263919617
438,LP002403,Male,No,0,Graduate,Yes,10416,0.0,187.0,360.0,0.0,Urban,0,5.231108616854587
439,LP002407,Female,Yes,0,Not Graduate,Yes,7142,0.0,138.0,360.0,1.0,Rural,1,4.927253685157205
440,LP002408,Male,No,0,Graduate,No,3660,5064.0,187.0,360.0,1.0,Semiurban,1,5.231108616854587
441,LP002409,Male,Yes,0,Graduate,No,7901,1833.0,180.0,360.0,1.0,Rural,1,5.19295685089021
442,LP002418,Male,No,3,Not Graduate,No,4707,1993.0,148.0,360.0,1.0,Semiurban,1,4.997212273764115
443,LP002422,Male,No,1,Graduate,No,37719,0.0,152.0,360.0,1.0,Semiurban,1,5.0238805208462765
444,LP002424,Male,Yes,0,Graduate,No,7333,8333.0,175.0,300.0,1.0,Rural,1,5.1647859739235145
445,LP002429,Male,Yes,1,Graduate,Yes,3466,1210.0,130.0,360.0,1.0,Rural,1,4.867534450455582
446,LP002434,Male,Yes,2,Not Graduate,No,4652,0.0,110.0,360.0,1.0,Rural,1,4.700480365792417
447,LP002435,Male,Yes,0,Graduate,No,3539,1376.0,55.0,360.0,1.0,Rural,0,4.007333185232471
448,LP002443,Male,Yes,2,Graduate,No,3340,1710.0,150.0,360.0,0.0,Rural,0,5.0106352940962555
449,LP002444,Male,No,1,Not Graduate,Yes,2769,1542.0,190.0,360.0,1.0,Semiurban,0,5.247024072160486
450,LP002446,Male,Yes,2,Not Graduate,No,2309,1255.0,125.0,360.0,0.0,Rural,0,4.8283137373023015
451,LP002447,Male,Yes,2,Not Graduate,No,1958,1456.0,60.0,300.0,1.0,Urban,1,4.0943445622221
452,LP002448,Male,Yes,0,Graduate,No,3948,1733.0,149.0,360.0,0.0,Rural,0,5.003946305945459
453,LP002449,Male,Yes,0,Graduate,No,2483,2466.0,90.0,180.0,0.0,Rural,1,4.499809670330265
454,LP002453,Male,No,0,Graduate,Yes,7085,0.0,84.0,360.0,1.0,Semiurban,1,4.430816798843313
455,LP002455,Male,Yes,2,Graduate,No,3859,0.0,96.0,360.0,1.0,Semiurban,1,4.564348191467836
456,LP002459,Male,Yes,0,Graduate,No,4301,0.0,118.0,360.0,1.0,Urban,1,4.770684624465665
457,LP002467,Male,Yes,0,Graduate,No,3708,2569.0,173.0,360.0,1.0,Urban,0,5.153291594497779
458,LP002472,Male,No,2,Graduate,No,4354,0.0,136.0,360.0,1.0,Rural,1,4.912654885736052
459,LP002473,Male,Yes,0,Graduate,No,8334,0.0,160.0,360.0,1.0,Semiurban,0,5.075173815233827
460,LP002478,Male,Yes,0,Graduate,Yes,2083,4083.0,160.0,360.0,1.0,Semiurban,1,5.075173815233827
461,LP002484,Male,Yes,3,Graduate,No,7740,0.0,128.0,180.0,1.0,Urban,1,4.852030263919617
462,LP002487,Male,Yes,0,Graduate,No,3015,2188.0,153.0,360.0,1.0,Rural,1,5.030437921392435
463,LP002489,Female,No,1,Not Graduate,No,5191,0.0,132.0,360.0,1.0,Semiurban,1,4.882801922586371
464,LP002493,Male,No,0,Graduate,No,4166,0.0,98.0,360.0,0.0,Semiurban,0,4.584967478670572
465,LP002494,Male,No,0,Graduate,No,6000,0.0,140.0,360.0,1.0,Rural,1,4.941642422609304
466,LP002500,Male,Yes,3,Not Graduate,No,2947,1664.0,70.0,180.0,0.0,Urban,0,4.248495242049359
467,LP002501,Male,Yes,0,Graduate,No,16692,0.0,110.0,360.0,1.0,Semiurban,1,4.700480365792417
468,LP002502,Female,Yes,2,Not Graduate,No,210,2917.0,98.0,360.0,1.0,Semiurban,1,4.584967478670572
469,LP002505,Male,Yes,0,Graduate,No,4333,2451.0,110.0,360.0,1.0,Urban,0,4.700480365792417
470,LP002515,Male,Yes,1,Graduate,Yes,3450,2079.0,162.0,360.0,1.0,Semiurban,1,5.087596335232384
471,LP002517,Male,Yes,1,Not Graduate,No,2653,1500.0,113.0,180.0,0.0,Rural,0,4.727387818712341
472,LP002519,Male,Yes,3,Graduate,No,4691,0.0,100.0,360.0,1.0,Semiurban,1,4.605170185988092
473,LP002522,Female,No,0,Graduate,Yes,2500,0.0,93.0,360.0,1.0,Urban,1,4.532599493153256
474,LP002524,Male,No,2,Graduate,No,5532,4648.0,162.0,360.0,1.0,Rural,1,5.087596335232384
475,LP002527,Male,Yes,2,Graduate,Yes,16525,1014.0,150.0,360.0,1.0,Rural,1,5.0106352940962555
476,LP002529,Male,Yes,2,Graduate,No,6700,1750.0,230.0,300.0,1.0,Semiurban,1,5.438079308923196
477,LP002530,Male,Yes,2,Graduate,No,2873,1872.0,132.0,360.0,0.0,Semiurban,0,4.882801922586371
478,LP002531,Male,Yes,1,Graduate,Yes,16667,2250.0,86.0,360.0,1.0,Semiurban,1,4.454347296253507
479,LP002533,Male,Yes,2,Graduate,No,2947,1603.0,128.0,360.0,1.0,Urban,0,4.852030263919617
480,LP002534,Female,No,0,Not Graduate,No,4350,0.0,154.0,360.0,1.0,Rural,1,5.0369526024136295
481,LP002536,Male,Yes,3,Not Graduate,No,3095,0.0,113.0,360.0,1.0,Rural,1,4.727387818712341
482,LP002537,Male,Yes,0,Graduate,No,2083,3150.0,128.0,360.0,1.0,Semiurban,1,4.852030263919617
483,LP002541,Male,Yes,0,Graduate,No,10833,0.0,234.0,360.0,1.0,Semiurban,1,5.455321115357702
484,LP002543,Male,Yes,2,Graduate,No,8333,0.0,246.0,360.0,1.0,Semiurban,1,5.5053315359323625
485,LP002544,Male,Yes,1,Not Graduate,No,1958,2436.0,131.0,360.0,1.0,Rural,1,4.875197323201151
486,LP002545,Male,No,2,Graduate,No,3547,0.0,80.0,360.0,0.0,Rural,0,4.382026634673881
487,LP002547,Male,Yes,1,Graduate,No,18333,0.0,500.0,360.0,1.0,Urban,0,6.214608098422191
488,LP002555,Male,Yes,2,Graduate,Yes,4583,2083.0,160.0,360.0,1.0,Semiurban,1,5.075173815233827
489,LP002556,Male,No,0,Graduate,No,2435,0.0,75.0,360.0,1.0,Urban,0,4.31748811353631
490,LP002560,Male,No,0,Not Graduate,No,2699,2785.0,96.0,360.0,1.0,Semiurban,1,4.564348191467836
491,LP002562,Male,Yes,1,Not Graduate,No,5333,1131.0,186.0,360.0,1.0,Urban,1,5.225746673713202
492,LP002571,Male,No,0,Not Graduate,No,3691,0.0,110.0,360.0,1.0,Rural,1,4.700480365792417
493,LP002582,Female,No,0,Not Graduate,Yes,17263,0.0,225.0,360.0,1.0,Semiurban,1,5.41610040220442
494,LP002585,Male,Yes,0,Graduate,No,3597,2157.0,119.0,360.0,0.0,Rural,0,4.77912349311153
495,LP002586,Female,Yes,1,Graduate,No,3326,913.0,105.0,84.0,1.0,Semiurban,1,4.653960350157523
496,LP002587,Male,Yes,0,Not Graduate,No,2600,1700.0,107.0,360.0,1.0,Rural,1,4.672828834461906
497,LP002588,Male,Yes,0,Graduate,No,4625,2857.0,111.0,12.0,1.0,Urban,1,4.709530201312334
498,LP002600,Male,Yes,1,Graduate,Yes,2895,0.0,95.0,360.0,1.0,Semiurban,1,4.553876891600541
499,LP002602,Male,No,0,Graduate,No,6283,4416.0,209.0,360.0,0.0,Rural,0,5.342334251964811
500,LP002603,Female,No,0,Graduate,No,645,3683.0,113.0,480.0,1.0,Rural,1,4.727387818712341
501,LP002606,Female,No,0,Graduate,No,3159,0.0,100.0,360.0,1.0,Semiurban,1,4.605170185988092
502,LP002615,Male,Yes,2,Graduate,No,4865,5624.0,208.0,360.0,1.0,Semiurban,1,5.337538079701318
503,LP002618,Male,Yes,1,Not Graduate,No,4050,5302.0,138.0,360.0,1.0,Rural,0,4.927253685157205
504,LP002619,Male,Yes,0,Not Graduate,No,3814,1483.0,124.0,300.0,1.0,Semiurban,1,4.820281565605037
505,LP002622,Male,Yes,2,Graduate,No,3510,4416.0,243.0,360.0,1.0,Rural,1,5.493061443340548
506,LP002624,Male,Yes,0,Graduate,No,20833,6667.0,480.0,360.0,1.0,Urban,1,6.173786103901937
507,LP002625,Male,No,0,Graduate,No,3583,0.0,96.0,360.0,1.0,Urban,0,4.564348191467836
508,LP002626,Male,Yes,0,Graduate,Yes,2479,3013.0,188.0,360.0,1.0,Urban,1,5.236441962829949
509,LP002634,Female,No,1,Graduate,No,13262,0.0,40.0,360.0,1.0,Urban,1,3.6888794541139363
510,LP002637,Male,No,0,Not Graduate,No,3598,1287.0,100.0,360.0,1.0,Rural,0,4.605170185988092
511,LP002640,Male,Yes,1,Graduate,No,6065,2004.0,250.0,360.0,1.0,Semiurban,1,5.521460917862246
512,LP002643,Male,Yes,2,Graduate,No,3283,2035.0,148.0,360.0,1.0,Urban,1,4.997212273764115
513,LP002648,Male,Yes,0,Graduate,No,2130,6666.0,70.0,180.0,1.0,Semiurban,0,4.248495242049359
514,LP002652,Male,No,0,Graduate,No,5815,3666.0,311.0,360.0,1.0,Rural,0,5.739792912179234
515,LP002659,Male,Yes,3,Graduate,No,3466,3428.0,150.0,360.0,1.0,Rural,1,5.0106352940962555
516,LP002670,Female,Yes,2,Graduate,No,2031,1632.0,113.0,480.0,1.0,Semiurban,1,4.727387818712341
517,LP002682,Male,Yes,0,Not Graduate,No,3074,1800.0,123.0,360.0,0.0,Semiurban,0,4.812184355372417
518,LP002683,Male,No,0,Graduate,No,4683,1915.0,185.0,360.0,1.0,Semiurban,0,5.220355825078324
519,LP002684,Female,No,0,Not Graduate,No,3400,0.0,95.0,360.0,1.0,Rural,0,4.553876891600541
520,LP002689,Male,Yes,2,Not Graduate,No,2192,1742.0,45.0,360.0,1.0,Semiurban,1,3.8066624897703196
521,LP002690,Male,No,0,Graduate,No,2500,0.0,55.0,360.0,1.0,Semiurban,1,4.007333185232471
522,LP002692,Male,Yes,3,Graduate,Yes,5677,1424.0,100.0,360.0,1.0,Rural,1,4.605170185988092
523,LP002693,Male,Yes,2,Graduate,Yes,7948,7166.0,480.0,360.0,1.0,Rural,1,6.173786103901937
524,LP002697,Male,No,0,Graduate,No,4680,2087.0,128.0,360.0,1.0,Semiurban,0,4.852030263919617
525,LP002699,Male,Yes,2,Graduate,Yes,17500,0.0,400.0,360.0,1.0,Rural,1,5.991464547107982
526,LP002705,Male,Yes,0,Graduate,No,3775,0.0,110.0,360.0,1.0,Semiurban,1,4.700480365792417
527,LP002706,Male,Yes,1,Not Graduate,No,5285,1430.0,161.0,360.0,0.0,Semiurban,1,5.081404364984463
528,LP002714,Male,No,1,Not Graduate,No,2679,1302.0,94.0,360.0,1.0,Semiurban,1,4.543294782270004
529,LP002716,Male,No,0,Not Graduate,No,6783,0.0,130.0,360.0,1.0,Semiurban,1,4.867534450455582
530,LP002717,Male,Yes,0,Graduate,No,1025,5500.0,216.0,360.0,1.0,Rural,1,5.375278407684165
531,LP002720,Male,Yes,3,Graduate,No,4281,0.0,100.0,360.0,1.0,Urban,1,4.605170185988092
532,LP002723,Male,No,2,Graduate,No,3588,0.0,110.0,360.0,0.0,Rural,0,4.700480365792417
533,LP002729,Male,No,1,Graduate,No,11250,0.0,196.0,360.0,1.0,Semiurban,0,5.278114659230517
534,LP002731,Female,No,0,Not Graduate,Yes,18165,0.0,125.0,360.0,1.0,Urban,1,4.8283137373023015
535,LP002732,Male,No,0,Not Graduate,No,2550,2042.0,126.0,360.0,1.0,Rural,1,4.836281906951478
536,LP002734,Male,Yes,0,Graduate,No,6133,3906.0,324.0,360.0,1.0,Urban,1,5.780743515792329
537,LP002738,Male,No,2,Graduate,No,3617,0.0,107.0,360.0,1.0,Semiurban,1,4.672828834461906
538,LP002739,Male,Yes,0,Not Graduate,No,2917,536.0,66.0,360.0,1.0,Rural,0,4.189654742026425
539,LP002740,Male,Yes,3,Graduate,No,6417,0.0,157.0,180.0,1.0,Rural,1,5.056245805348308
540,LP002741,Female,Yes,1,Graduate,No,4608,2845.0,140.0,180.0,1.0,Semiurban,1,4.941642422609304
541,LP002743,Female,No,0,Graduate,No,2138,0.0,99.0,360.0,0.0,Semiurban,0,4.59511985013459
542,LP002753,Female,No,1,Graduate,No,3652,0.0,95.0,360.0,1.0,Semiurban,1,4.553876891600541
543,LP002755,Male,Yes,1,Not Graduate,No,2239,2524.0,128.0,360.0,1.0,Urban,1,4.852030263919617
544,LP002757,Female,Yes,0,Not Graduate,No,3017,663.0,102.0,360.0,1.0,Semiurban,1,4.624972813284271
545,LP002767,Male,Yes,0,Graduate,No,2768,1950.0,155.0,360.0,1.0,Rural,1,5.043425116919247
546,LP002768,Male,No,0,Not Graduate,No,3358,0.0,80.0,36.0,1.0,Semiurban,0,4.382026634673881
547,LP002772,Male,No,0,Graduate,No,2526,1783.0,145.0,360.0,1.0,Rural,1,4.976733742420574
548,LP002776,Female,No,0,Graduate,No,5000,0.0,103.0,360.0,0.0,Semiurban,0,4.634728988229636
549,LP002777,Male,Yes,0,Graduate,No,2785,2016.0,110.0,360.0,1.0,Rural,1,4.700480365792417
550,LP002778,Male,Yes,2,Graduate,Yes,6633,0.0,128.0,360.0,0.0,Rural,0,4.852030263919617
551,LP002784,Male,Yes,1,Not Graduate,No,2492,2375.0,128.0,360.0,1.0,Rural,1,4.852030263919617
552,LP002785,Male,Yes,1,Graduate,No,3333,3250.0,158.0,360.0,1.0,Urban,1,5.062595033026967
553,LP002788,Male,Yes,0,Not Graduate,No,2454,2333.0,181.0,360.0,0.0,Urban,0,5.198497031265826
554,LP002789,Male,Yes,0,Graduate,No,3593,4266.0,132.0,180.0,0.0,Rural,0,4.882801922586371
555,LP002792,Male,Yes,1,Graduate,No,5468,1032.0,26.0,360.0,1.0,Semiurban,1,3.258096538021482
556,LP002794,Female,No,0,Graduate,No,2667,1625.0,84.0,360.0,1.0,Urban,1,4.430816798843313
557,LP002795,Male,Yes,3,Graduate,Yes,10139,0.0,260.0,360.0,1.0,Semiurban,1,5.560681631015528
558,LP002798,Male,Yes,0,Graduate,No,3887,2669.0,162.0,360.0,1.0,Semiurban,1,5.087596335232384
559,LP002804,Female,Yes,0,Graduate,No,4180,2306.0,182.0,360.0,1.0,Semiurban,1,5.204006687076795
560,LP002807,Male,Yes,2,Not Graduate,No,3675,242.0,108.0,360.0,1.0,Semiurban,1,4.68213122712422
561,LP002813,Female,Yes,1,Graduate,Yes,19484,0.0,600.0,360.0,1.0,Semiurban,1,6.396929655216146
562,LP002820,Male,Yes,0,Graduate,No,5923,2054.0,211.0,360.0,1.0,Rural,1,5.351858133476067
563,LP002821,Male,No,0,Not Graduate,Yes,5800,0.0,132.0,360.0,1.0,Semiurban,1,4.882801922586371
564,LP002832,Male,Yes,2,Graduate,No,8799,0.0,258.0,360.0,0.0,Urban,0,5.552959584921617
565,LP002833,Male,Yes,0,Not Graduate,No,4467,0.0,120.0,360.0,1.0,Rural,1,4.787491742782046
566,LP002836,Male,No,0,Graduate,No,3333,0.0,70.0,360.0,1.0,Urban,1,4.248495242049359
567,LP002837,Male,Yes,3,Graduate,No,3400,2500.0,123.0,360.0,0.0,Rural,0,4.812184355372417
568,LP002840,Female,No,0,Graduate,No,2378,0.0,9.0,360.0,1.0,Urban,0,2.1972245773362196
569,LP002841,Male,Yes,0,Graduate,No,3166,2064.0,104.0,360.0,0.0,Urban,0,4.6443908991413725
570,LP002842,Male,Yes,1,Graduate,No,3417,1750.0,186.0,360.0,1.0,Urban,1,5.225746673713202
571,LP002847,Male,Yes,0,Graduate,No,5116,1451.0,165.0,360.0,0.0,Urban,0,5.10594547390058
572,LP002855,Male,Yes,2,Graduate,No,16666,0.0,275.0,360.0,1.0,Urban,1,5.616771097666572
573,LP002862,Male,Yes,2,Not Graduate,No,6125,1625.0,187.0,480.0,1.0,Semiurban,0,5.231108616854587
574,LP002863,Male,Yes,3,Graduate,No,6406,0.0,150.0,360.0,1.0,Semiurban,0,5.0106352940962555
575,LP002868,Male,Yes,2,Graduate,No,3159,461.0,108.0,84.0,1.0,Urban,1,4.68213122712422
576,LP002872,Male,Yes,0,Graduate,No,3087,2210.0,136.0,360.0,0.0,Semiurban,0,4.912654885736052
577,LP002874,Male,No,0,Graduate,No,3229,2739.0,110.0,360.0,1.0,Urban,1,4.700480365792417
578,LP002877,Male,Yes,1,Graduate,No,1782,2232.0,107.0,360.0,1.0,Rural,1,4.672828834461906
579,LP002888,Male,No,0,Graduate,No,3182,2917.0,161.0,360.0,1.0,Urban,1,5.081404364984463
580,LP002892,Male,Yes,2,Graduate,No,6540,0.0,205.0,360.0,1.0,Semiurban,1,5.3230099791384085
581,LP002893,Male,No,0,Graduate,No,1836,33837.0,90.0,360.0,1.0,Urban,0,4.499809670330265
582,LP002894,Female,Yes,0,Graduate,No,3166,0.0,36.0,360.0,1.0,Semiurban,1,3.58351893845611
583,LP002898,Male,Yes,1,Graduate,No,1880,0.0,61.0,360.0,1.0,Rural,0,4.110873864173311
584,LP002911,Male,Yes,1,Graduate,No,2787,1917.0,146.0,360.0,0.0,Rural,0,4.983606621708336
585,LP002912,Male,Yes,1,Graduate,No,4283,3000.0,172.0,84.0,1.0,Rural,0,5.147494476813453
586,LP002916,Male,Yes,0,Graduate,No,2297,1522.0,104.0,360.0,1.0,Urban,1,4.6443908991413725
587,LP002917,Female,No,0,Not Graduate,No,2165,0.0,70.0,360.0,1.0,Semiurban,1,4.248495242049359
588,LP002925,Male,No,0,Graduate,No,4750,0.0,94.0,360.0,1.0,Semiurban,1,4.543294782270004
589,LP002926,Male,Yes,2,Graduate,Yes,2726,0.0,106.0,360.0,0.0,Semiurban,0,4.663439094112067
590,LP002928,Male,Yes,0,Graduate,No,3000,3416.0,56.0,180.0,1.0,Semiurban,1,4.02535169073515
591,LP002931,Male,Yes,2,Graduate,Yes,6000,0.0,205.0,240.0,1.0,Semiurban,0,5.3230099791384085
592,LP002933,Male,No,3,Graduate,Yes,9357,0.0,292.0,360.0,1.0,Semiurban,1,5.676753802268282
593,LP002936,Male,Yes,0,Graduate,No,3859,3300.0,142.0,180.0,1.0,Rural,1,4.955827057601261
594,LP002938,Male,Yes,0,Graduate,Yes,16120,0.0,260.0,360.0,1.0,Urban,1,5.560681631015528
595,LP002940,Male,No,0,Not Graduate,No,3833,0.0,110.0,360.0,1.0,Rural,1,4.700480365792417
596,LP002941,Male,Yes,2,Not Graduate,Yes,6383,1000.0,187.0,360.0,1.0,Rural,0,5.231108616854587
597,LP002943,Male,No,0,Graduate,No,2987,0.0,88.0,360.0,0.0,Semiurban,0,4.477336814478207
598,LP002945,Male,Yes,0,Graduate,Yes,9963,0.0,180.0,360.0,1.0,Rural,1,5.19295685089021
599,LP002948,Male,Yes,2,Graduate,No,5780,0.0,192.0,360.0,1.0,Urban,1,5.2574953720277815
600,LP002949,Female,No,3,Graduate,No,416,41667.0,350.0,180.0,1.0,Urban,0,5.857933154483459
601,LP002950,Male,Yes,0,Not Graduate,No,2894,2792.0,155.0,360.0,1.0,Rural,1,5.043425116919247
602,LP002953,Male,Yes,3,Graduate,No,5703,0.0,128.0,360.0,1.0,Urban,1,4.852030263919617
603,LP002958,Male,No,0,Graduate,No,3676,4301.0,172.0,360.0,1.0,Rural,1,5.147494476813453
604,LP002959,Female,Yes,1,Graduate,No,12000,0.0,496.0,360.0,1.0,Semiurban,1,6.206575926724928
605,LP002960,Male,Yes,0,Not Graduate,No,2400,3800.0,128.0,180.0,1.0,Urban,0,4.852030263919617
606,LP002961,Male,Yes,1,Graduate,No,3400,2500.0,173.0,360.0,1.0,Semiurban,1,5.153291594497779
607,LP002964,Male,Yes,2,Not Graduate,No,3987,1411.0,157.0,360.0,1.0,Rural,1,5.056245805348308
608,LP002974,Male,Yes,0,Graduate,No,3232,1950.0,108.0,360.0,1.0,Rural,1,4.68213122712422
609,LP002978,Female,No,0,Graduate,No,2900,0.0,71.0,360.0,1.0,Rural,1,4.2626798770413155
610,LP002979,Male,Yes,3,Graduate,No,4106,0.0,40.0,180.0,1.0,Rural,1,3.6888794541139363
611,LP002983,Male,Yes,1,Graduate,No,8072,240.0,253.0,360.0,1.0,Urban,1,5.53338948872752
612,LP002984,Male,Yes,2,Graduate,No,7583,0.0,187.0,360.0,1.0,Urban,1,5.231108616854587
613,LP002990,Female,No,0,Graduate,Yes,4583,0.0,133.0,360.0,0.0,Semiurban,0,4.890349128221754
